category,available_patches,memory_patches,sampling,image_threshold,pixel_threshold,num_validation_images,target_image_fpr,target_pixel_fpr,image_auroc,image_average_precision,pixel_auroc,pixel_average_precision,num_test_images,image_accuracy,image_precision,image_recall,image_specificity,image_f1,image_true_positives,image_true_negatives,image_false_positives,image_false_negatives,pixel_accuracy,pixel_precision,pixel_recall,pixel_specificity,pixel_f1,pixel_true_positives,pixel_true_negatives,pixel_false_positives,pixel_false_negatives
bottle,48128,2048,coreset,0.14762520790100098,0.06063562259078026,21,0.05,0.01,0.9992063492063492,0.999751984126984,0.9876511228798981,0.7698445435164655,83,0.9879518072289156,0.984375,1.0,0.95,0.9921259842519685,63,19,1,0,0.8133797946889599,0.23632838411125776,0.9996383664138002,0.8019606359069865,0.3822803804873086,240488,3146920,777113,87
cable,51712,2048,coreset,0.26858171820640564,0.19043168425559998,22,0.05,0.01,0.9799475262368815,0.9888305621906353,0.976332420274432,0.6369678148934392,150,0.9266666666666666,0.9550561797752809,0.9239130434782609,0.9310344827586207,0.9392265193370166,85,54,4,7,0.947391050170068,0.341207604272365,0.8923320881722021,0.9490202317452465,0.49365333906233616,193015,6937429,372667,23289
capsule,50432,2048,coreset,0.16962504386901855,0.07263363152742386,22,0.05,0.01,0.9728759473474272,0.993865941993361,0.98160318363011,0.4595297285808819,132,0.8484848484848485,0.989010989010989,0.8256880733944955,0.9565217391304348,0.9,90,22,1,19,0.9282510411835189,0.10901679082305404,0.952373889685404,0.9280279878967798,0.19563907432734362,57791,6090231,472320,2890
carpet,64512,2048,coreset,0.23325690627098083,0.13411644101142883,28,0.05,0.01,1.0,1.0,0.9921375004811006,0.5926019893269551,117,0.9914529914529915,1.0,0.9887640449438202,1.0,0.9943502824858758,88,28,0,1,0.9043154421223618,0.1432569139805455,0.997482044961965,0.902797349522234,0.2505326891696987,93887,5214980,561488,237
grid,60928,2048,coreset,0.2020498812198639,0.13654297590255737,26,0.05,0.01,0.9916457811194653,0.9973815134852058,0.9885652916863725,0.33844274958421083,78,0.9358974358974359,0.9333333333333333,0.9824561403508771,0.8095238095238095,0.9572649572649573,56,17,4,1,0.8716987997121926,0.05105718654376452,0.9978944257692733,0.8708198330853482,0.09714400788256701,27014,3384578,502079,57
hazelnut,90112,2048,coreset,0.2588741183280945,0.18937917053699493,39,0.05,0.01,0.9932142857142858,0.9961114698011839,0.9936214272082701,0.706183851734321,110,0.9454545454545454,0.9324324324324325,0.9857142857142858,0.875,0.9583333333333334,69,35,5,1,0.9522219967532467,0.3078304010628931,0.9903738507989279,0.9513891820199457,0.4696752136752137,116773,5138883,262569,1135
leather,56576,2048,coreset,0.25330623984336853,0.11044804006814957,24,0.05,0.01,1.0,1.0000000000000002,0.99133756642744,0.3843204745633037,124,1.0,1.0,1.0,1.0,1.0,92,32,0,0,0.72230120942026,0.022813367795354415,1.0,0.7204890991439439,0.04460905286079315,40337,4453694,1727793,0
metal_nut,50688,2048,coreset,0.20824205875396729,0.14218707382678986,22,0.05,0.01,1.0,1.0,0.9621462118301225,0.678024745273209,115,0.9739130434782609,0.96875,1.0,0.8636363636363636,0.9841269841269841,93,19,3,0,0.9212992873779947,0.6065407724004573,0.9350647814347439,0.9194717828897955,0.7357977056646277,632360,4683758,410208,43914
pill,61440,2048,coreset,0.259286105632782,0.1252051740884781,27,0.05,0.01,0.9852700490998364,0.9973519148091367,0.9559030425956273,0.6128850796996699,167,0.7425149700598802,1.0,0.6950354609929078,1.0,0.8200836820083682,98,26,0,43,0.9527308186560552,0.4014400821726278,0.8307586216702331,0.9569681205364342,0.541308489140316,233714,7749591,348475,47612
screw,73728,2048,coreset,0.20046856999397278,0.1432562917470932,32,0.05,0.01,0.7997540479606478,0.9250470501926528,0.8675005433309476,0.2135058364639113,160,0.65,0.92,0.5798319327731093,0.8536585365853658,0.711340206185567,69,35,6,50,0.9707620426100128,0.048849777688124596,0.580590380100894,0.9717375035573184,0.09011725942436283,11624,7781809,226330,8397
tile,52992,2048,coreset,0.2507884204387665,0.16085387766361237,23,0.05,0.01,1.0,0.9999999999999998,0.9630836968818652,0.5771619721195026,117,1.0,1.0,1.0,1.0,1.0,84,33,0,0,0.7310593207635618,0.20675969638063502,0.9949741322752219,0.7110844486579916,0.34237290253518077,410987,3880764,1576765,2076
toothbrush,13824,2048,coreset,0.17528024315834045,0.09091637283563614,6,0.05,0.01,0.9361111111111111,0.9704795160998365,0.9855968125511428,0.38962270400037086,42,0.9285714285714286,0.9090909090909091,1.0,0.75,0.9523809523809523,30,9,3,0,0.8592188828656463,0.09778371519081716,0.9937836333271479,0.8571220659856255,0.17804830072005032,32133,1778578,296480,201
transistor,49152,2048,coreset,0.2265518307685852,0.154519721865654,21,0.05,0.01,0.9229166666666667,0.9120863511613589,0.9460222321283585,0.6152398978443538,100,0.86,0.7954545454545454,0.875,0.85,0.8333333333333334,35,51,9,5,0.9471239237882653,0.4659579672345606,0.7048491298672144,0.9593231153374187,0.5610319045263296,169543,4582746,194316,70995
wood,56832,2048,coreset,0.2628151476383209,0.19845718145370483,25,0.05,0.01,0.9982456140350877,0.999462365591398,0.9537979825499759,0.6011275291717171,79,0.9240506329113924,0.9090909090909091,1.0,0.6842105263157895,0.9523809523809523,60,13,6,0,0.803044422871997,0.15864157035789547,0.9519892409939024,0.797057519162995,0.27196268392963885,145820,3037371,773359,7354
zipper,55296,2048,coreset,0.183538556098938,0.09812601655721664,24,0.05,0.01,0.9944852941176471,0.9985867496627638,0.92527312658072,0.36763769995641776,151,0.9403973509933775,1.0,0.9243697478991597,1.0,0.9606986899563319,110,32,0,9,0.8624715174770239,0.114912547058757,0.8423966425573712,0.8628957153773894,0.2022375735656094,132076,6402505,1017285,24710
